Daily data from Defra on 04/19/2026 12:15:28,,,,,,,,
Site Name,Sunderland Silksworth,,,,,,,
Site Type,Urban Background,,,,,,,
Region,North East,,,,,,,
Latitude,54.88361,,,,,,,
Longitude,-1.406878,,,,,,,
Notes:,[1] All Data GMT hour ending;  [2] Some shorthand is used V = Verified P = Provisionally Verified N = Not Verified S = Suspect [3] Unit of measurement (for pollutants) = ugm-3,,,,,,,
Date,Nitrogen dioxide,Status,Ozone,Status,PM10 particulate matter (Hourly measured),Status,PM2.5 particulate matter (Hourly measured),Status
1/1/2023,4.754262917,V,72.165345,V,3.8875,V,2.592291667,V
1/2/2023,7.92938625,V,57.01812042,V,4.448958333,V,3.08775,V
1/3/2023,11.1527925,V,50.19670708,V,10.3375,V,8.965208333,V
1/4/2023,4.12355875,V,65.45618958,V,4.590625,V,2.931416667,V
1/5/2023,9.2174625,V,55.67725917,V,5.255208333,V,3.48575,V
1/6/2023,8.707585833,V,64.68077708,V,9.266666667,V,5.786125,V
1/7/2023,5.62862125,V,67.14560417,V,4.119791667,V,2.904916667,V
1/8/2023,5.484329583,V,67.79004833,V,5.747916667,V,3.79225,V
1/9/2023,5.72365875,V,66.8739675,V,6.84375,V,3.604583333,V
1/10/2023,6.5928975,V,63.02947375,V,7.220833333,V,4.239458333,V
1/11/2023,6.5298725,V,76.27385417,V,7.91875,V,4.538166667,V
1/12/2023,6.473708333,V,72.60814083,V,5.785416667,V,3.616333333,V
1/13/2023,5.51134625,V,70.43781667,V,6.646875,V,3.329458333,V
1/14/2023,5.099590833,V,69.58964417,V,5.967708333,V,3.700791667,V
1/15/2023,8.519621667,V,62.57697667,V,6.68125,V,3.915208333,V
1/16/2023,15.8839025,V,49.848845,V,6.14375,V,3.801083333,V
1/17/2023,10.39093917,V,53.75085417,V,2.89375,V,1.807125,V
1/18/2023,11.61042273,V,53.98595409,V,6.413043478,V,3.172695652,V
1/19/2023,8.992561304,V,57.10335417,V,4.841666667,V,2.5885,V
1/20/2023,27.15814417,V,34.93237458,V,11.87395833,V,7.675041667,V
1/21/2023,23.2436975,V,31.31239542,V,17.60625,V,14.41825,V
1/22/2023,24.63197167,V,22.59576,V,28.18958333,V,25.22020833,V
1/23/2023,27.98639833,V,20.81002458,V,24.028125,V,21.15475,V
1/24/2023,29.30498583,V,23.39196208,V,12.315625,V,10.48054167,V
1/25/2023,15.64337083,V,45.66064667,V,5.74375,V,3.679291667,V
1/26/2023,10.92914792,V,63.1937025,V,8.388541667,V,3.981083333,V
1/27/2023,20.11610917,V,48.17259542,V,7.508333333,V,4.617791667,V
1/28/2023,12.83279583,V,50.40736333,V,6.119791667,V,4.4595,V
1/29/2023,4.91089125,V,65.48875667,V,4.49375,V,2.829208333,V
1/30/2023,6.41350375,V,62.39958,V,11.71145833,V,6.377708333,V
1/31/2023,3.597625,V,71.00742292,V,9.35625,V,5.389166667,V
2/1/2023,no data,V,no data,V,7.1375,V,4.0245,V
2/2/2023,no data,V,no data,V,3.2125,V,1.874,V
2/3/2023,11.06371333,V,64.98567583,V,8.451041667,V,4.871291667,V
2/4/2023,11.71022958,V,60.9783375,V,7.296875,V,4.500833333,V
2/5/2023,24.8941775,V,47.93629917,V,15.4375,V,8.145708333,V
2/6/2023,25.10144167,V,47.7138625,V,13.146875,V,8.233125,V
2/7/2023,28.89766208,V,42.21459917,V,14.99583333,V,11.248125,V
2/8/2023,14.863575,V,56.02997208,V,16.11875,V,11.16741667,V
2/9/2023,11.05284042,V,66.51502083,V,10.64375,V,5.557208333,V
2/10/2023,10.56621125,V,64.90806375,V,5.790625,V,3.322541667,V
2/11/2023,13.28728417,V,65.59270042,V,4.492708333,V,2.947208333,V
2/12/2023,19.474745,V,55.04459417,V,18.08958333,V,12.99929167,V
2/13/2023,23.93643083,V,36.207405,V,35.45208333,V,29.32104167,V
2/14/2023,43.71683208,V,19.22178083,V,45.23229167,V,36.206,V
2/15/2023,38.87792292,V,42.85211458,V,26.45729167,V,20.3805,V
2/16/2023,15.83849792,V,53.54920625,V,9.004166667,V,6.814125,V
2/17/2023,13.9349,V,67.93997864,V,8.410227273,V,3.802454545,V
2/18/2023,16.51969417,V,61.8646225,V,4.396875,V,2.846833333,V
2/19/2023,8.6860275,V,66.38751667,V,2.7625,V,1.7335,V
2/20/2023,7.652699167,V,66.15468458,V,2.282291667,V,1.144791667,V
2/21/2023,12.37559375,V,56.70975625,V,4.702083333,V,3.035625,V
2/22/2023,11.3035575,V,63.28586667,V,8.8625,V,5.637708333,V
2/23/2023,14.94835773,V,60.92959043,V,11.18333333,V,4.920458333,V
2/24/2023,no data,V,76.36670958,V,10.69479167,V,5.014791667,V
2/25/2023,no data,V,78.47466667,V,15.59479167,V,6.448583333,V
2/26/2023,no data,V,75.75206125,V,13.34895833,V,5.422541667,V
2/27/2023,no data,V,77.3056575,V,7.101041667,V,2.947208333,V
2/28/2023,7.021415,V,79.95273333,V,7.595833333,V,3.352041667,V
3/1/2023,6.516030417,V,79.46142917,V,11.415625,V,5.239833333,V
3/2/2023,15.54218833,V,67.0381975,V,9.079166667,V,3.360791667,V
3/3/2023,10.2282175,V,74.61284917,V,9.482291667,V,4.330666667,V
3/4/2023,13.06190708,V,55.78882542,V,10.60729167,V,7.412416667,V
3/5/2023,10.255085,V,60.2784575,V,7.872916667,V,5.035333333,V
3/6/2023,13.27521958,V,56.042445,V,8.166666667,V,4.561625,V
3/7/2023,16.61845625,V,56.30091542,V,8.175,V,3.423666667,V
3/8/2023,29.60228375,V,41.83832708,V,13.596875,V,5.854916667,V
3/9/2023,12.476255,V,71.2915325,V,6.98125,V,2.807458333,V
3/10/2023,15.3163325,V,68.05475625,V,8.509375,V,3.826666667,V
3/11/2023,13.69517833,V,62.02746625,V,11.05104167,V,5.055041667,V
3/12/2023,6.262355,V,68.31461417,V,10.45104167,V,7.037208333,V
3/13/2023,4.369977083,V,75.3577725,V,4.809375,V,2.782958333,V
3/14/2023,14.881785,V,60.37546917,V,10.65104167,V,5.170041667,V
3/15/2023,13.5174775,V,56.84211083,V,8.410416667,V,5.166041667,V
3/16/2023,8.535859583,V,57.44012708,V,6.758333333,V,5.508083333,V
3/17/2023,18.0343625,V,53.90399667,V,8.832291667,V,6.070166667,V
3/18/2023,15.99038333,V,43.07178083,V,13.90520833,V,11.474125,V
3/19/2023,8.320410417,V,63.2158775,V,5.498958333,V,2.6345,V
3/20/2023,13.95854417,V,46.2642075,V,8.810416667,V,5.7655,V
3/21/2023,6.097790417,V,68.52319167,V,4.789583333,V,3.102458333,V
3/22/2023,4.605200417,V,84.09727542,V,11.36666667,V,6.104541667,V
3/23/2023,6.625038636,V,77.32325217,V,7.097916667,V,4.024208333,V
3/24/2023,4.070837083,V,84.09034583,V,8.976041667,V,4.867375,V
3/25/2023,7.298034583,V,76.37363792,V,11.02708333,V,5.067791667,V
3/26/2023,7.132975833,V,80.28396292,V,11.40104167,V,4.81625,V
3/27/2023,12.29644391,V,66.11551652,V,15.05208333,V,6.199875,V
3/28/2023,14.90333875,V,48.20308667,V,15.68854167,V,12.34966667,V
3/29/2023,11.22186125,V,54.12435583,V,10.61666667,V,7.69075,V
3/30/2023,10.65664417,V,65.35432625,V,8.691666667,V,5.173916667,V
3/31/2023,10.90724583,V,57.14562333,V,20.67395833,V,11.60870833,V
4/1/2023,7.663134583,V,70.8348775,V,10.96041667,V,5.511083333,V
4/2/2023,10.95842375,V,73.43344583,V,18.803125,V,7.194375,V
4/3/2023,11.88926083,V,71.52297958,V,15.06041667,V,7.371291667,V
4/4/2023,14.03742333,V,62.92830333,V,20.78333333,V,12.70545833,V
4/5/2023,14.10664208,V,50.66185739,V,20.05,V,15.78320833,V
4/6/2023,10.85501417,V,59.49355348,V,6.040625,V,3.953583333,V
4/7/2023,7.527442083,V,70.44751708,V,8.214583333,V,5.017708333,V
4/8/2023,11.03779167,V,61.72949667,V,11.91041667,V,7.962875,V
4/9/2023,10.03711083,V,63.41683333,V,22.77708333,V,18.7805,V
4/10/2023,7.343620833,V,75.18384167,V,7.434375,V,5.610333333,V
4/11/2023,5.73116875,V,84.37376208,V,5.973958333,V,2.852791667,V
4/12/2023,9.421195833,V,77.86694958,V,7.244791667,V,3.815791667,V
4/13/2023,9.47095625,V,67.51009833,V,4.145833333,V,2.619916667,V
4/14/2023,13.56786042,V,63.17014292,V,8.085416667,V,4.653166667,V
4/15/2023,15.30424792,V,63.05164875,V,12.82083333,V,8.211541667,V
4/16/2023,12.12662958,V,62.77030917,V,18.346875,V,12.82929167,V
4/17/2023,11.4767225,V,62.83475333,V,15.64583333,V,9.723916667,V
4/18/2023,10.14098833,V,80.26733208,V,16.35416667,V,10.65558333,V
4/19/2023,10.26602,V,85.60721625,V,18.18125,V,8.883708333,V
4/20/2023,9.476097826,V,86.25979522,V,15.65208333,V,6.047625,V
4/21/2023,11.83694542,V,97.81563208,V,no data,V,no data,V
4/22/2023,15.66011083,V,75.73750917,V,no data,V,no data,V
4/23/2023,8.698899583,V,76.47342417,V,no data,V,no data,V
4/24/2023,6.097585417,V,86.27729958,V,no data,V,no data,V
4/25/2023,14.84418083,V,67.82885458,V,no data,V,no data,V
4/26/2023,14.33453083,V,72.79939542,V,no data,V,no data,V
4/27/2023,16.313485,V,61.65396542,V,no data,V,no data,V
4/28/2023,18.18455667,V,67.54820875,V,no data,V,no data,V
4/29/2023,11.18507833,V,74.50059167,V,16.23958333,V,9.300291667,V
4/30/2023,8.525801667,V,58.97432208,V,13.83020833,V,10.72633333,V
5/1/2023,5.948025417,V,73.23179833,V,6.884375,V,3.412916667,V
5/2/2023,11.62222042,V,76.9709625,V,13.53854167,V,5.984625,V
5/3/2023,10.58189917,V,68.38668083,V,16.47708333,V,8.391291667,V
5/4/2023,5.170577917,V,86.79354792,V,15.34791667,V,7.155083333,V
5/5/2023,18.87713917,V,48.78932292,V,22.26979167,V,14.96370833,V
5/6/2023,16.60720125,V,41.64499333,V,22.08020833,V,14.10483333,V
5/7/2023,17.30452542,V,40.71921125,V,16.03229167,V,12.08054167,V
5/8/2023,8.586045,V,41.37335708,V,6.446875,V,4.484166667,V
5/9/2023,12.01782625,V,49.69639625,V,5.666666667,V,3.018958333,V
5/10/2023,10.20757042,V,52.96019667,V,5.716666667,V,3.066083333,V
5/11/2023,9.144176667,V,49.18776958,V,6.521875,V,4.059625,V
5/12/2023,5.319608333,V,72.5076625,V,5.502083333,V,3.925875,V
5/13/2023,8.0344375,V,74.73758,V,6.311458333,V,3.87875,V
5/14/2023,9.081185833,V,47.07149583,V,9.446875,V,6.732583333,V
5/15/2023,10.03572708,V,56.08887292,V,7.033333333,V,3.104375,V
5/16/2023,7.534194583,V,63.65590208,V,8.730208333,V,4.383916667,V
5/17/2023,12.56804,V,50.61247833,V,11.43020833,V,6.497708333,V
5/18/2023,11.878025,V,55.76664958,V,11.86041667,V,7.061791667,V
5/19/2023,13.44315083,V,50.73513,V,11.66041667,V,7.454791667,V
5/20/2023,11.17306708,V,54.215825,V,14.20729167,V,9.747458333,V
5/21/2023,9.201334583,V,72.77791375,V,10.590625,V,6.870166667,V
5/22/2023,12.48293375,V,54.54081833,V,10.91875,V,7.2465,V
5/23/2023,10.76540957,V,54.10444217,V,11.13958333,V,5.911916667,V
5/24/2023,9.75843087,V,65.661995,V,12.83645833,V,7.076458333,V
5/25/2023,9.259319167,V,62.57073958,V,15.19270833,V,8.106458333,V
5/26/2023,13.98002375,V,53.2339125,V,20.63958333,V,12.84404167,V
5/27/2023,7.63483,V,53.64691208,V,9.260416667,V,5.107125,V
5/28/2023,7.087139583,V,71.18343292,V,13.95208333,V,6.3955,V
5/29/2023,10.25324792,V,52.06421083,V,13.04479167,V,7.119708333,V
5/30/2023,10.24401042,V,54.7902825,V,11.31666667,V,6.151666667,V
5/31/2023,6.62827375,V,78.05958875,V,7.08125,V,4.206,V
6/1/2023,4.515624167,V,76.73397292,V,7.675,V,3.392333333,V
6/2/2023,7.102367083,V,72.01428083,V,12.77604167,V,5.95125,V
6/3/2023,11.83973625,V,49.36724458,V,11.49479167,V,7.204333333,V
6/4/2023,10.72957125,V,51.5036125,V,9.420833333,V,5.579833333,V
6/5/2023,5.559526667,V,72.52083,V,5.766666667,V,3.487625,V
6/6/2023,8.37105125,V,71.31232208,V,5.23125,V,3.009083333,V
6/7/2023,8.19072375,V,73.59698292,V,4.807291667,V,2.7015,V
6/8/2023,6.545334167,V,81.32824208,V,6.607291667,V,3.731291667,V
6/9/2023,5.777445,V,85.02167292,V,9.914583333,V,5.935541667,V
6/10/2023,6.754580833,V,80.63113042,V,16.00625,V,9.180375,V
6/11/2023,9.601785,V,73.65518958,V,17.46354167,V,9.115708333,V
6/12/2023,12.93107708,V,80.55768,V,23.77083333,V,13.56229167,V
6/13/2023,13.53885958,V,76.2267325,V,21.04791667,V,10.65841667,V
6/14/2023,11.32233917,V,74.47287333,V,14.76458333,V,6.681458333,V
6/15/2023,11.10342458,V,74.78678,V,13.5625,V,6.476125,V
6/16/2023,12.11193417,V,83.92750083,V,13.80104167,V,6.110541667,V
6/17/2023,15.03259375,V,82.34618625,V,16.75520833,V,7.876416667,V
6/18/2023,8.5365,V,79.70604167,V,16.83333333,V,11.41116667,V
6/19/2023,6.391685,V,68.59525875,V,8.270833333,V,4.61975,V
6/20/2023,16.8414425,V,47.968175,V,7.745833333,V,4.329958333,V
6/21/2023,no data,V,59.65841565,V,8.452083333,V,4.266958333,V
6/22/2023,no data,V,58.18712958,V,8.790625,V,5.080666667,V
6/23/2023,10.49851875,V,50.03663583,V,12.11666667,V,6.615625,V
6/24/2023,3.45628625,V,42.94566417,V,6.1375,V,3.077833333,V
6/25/2023,8.188987917,V,52.34762792,V,10.14375,V,5.007791667,V
6/26/2023,5.027855833,V,53.121655,V,6.895833333,V,2.729916667,V
6/27/2023,7.81931375,V,43.14246125,V,8.422916667,V,5.313458333,V
6/28/2023,7.296605833,V,32.03653083,V,5.239583333,V,2.583458333,V
6/29/2023,5.919092917,V,50.036635,V,7.105208333,V,2.936291667,V
6/30/2023,7.477831667,V,40.45311708,V,8.159375,V,3.549541667,V
7/1/2023,2.335253333,V,51.14189292,V,10.565625,V,4.482125,V
7/2/2023,1.960060833,V,61.50290208,V,7.017708333,V,3.057208333,V
7/3/2023,4.078792917,V,54.97322167,V,6.189583333,V,2.541208333,V
7/4/2023,6.056417083,V,49.77816458,V,5.713541667,V,2.79675,V
7/5/2023,6.31687125,V,49.47118583,V,4.816666667,V,2.23175,V
7/6/2023,6.213139583,V,60.74204167,V,7.426041667,V,3.495416667,V
7/7/2023,9.022196522,V,70.20845,V,15.38958333,V,6.49275,V
7/8/2023,14.94014167,V,70.38515208,V,18.68333333,V,11.09579167,V
7/9/2023,7.915866667,V,46.3099425,V,9.823958333,V,5.288,V
7/10/2023,6.179082917,V,52.48067542,V,8.484375,V,3.977,V
7/11/2023,5.068929583,V,56.29745083,V,6.048958333,V,2.906833333,V
7/12/2023,5.96889625,V,48.91405417,V,4.011458333,V,1.938916667,V
7/13/2023,5.425259583,V,53.22975417,V,5.898958333,V,2.780083333,V
7/14/2023,8.2704675,V,52.93733,V,9.26875,V,4.807333333,V
7/15/2023,4.64280375,V,46.90380125,V,7.572916667,V,2.890208333,V
7/16/2023,2.239145833,V,59.58966333,V,4.8375,V,1.83475,V
7/17/2023,4.015135417,V,52.47235917,V,4.45625,V,2.108958333,V
7/18/2023,11.75423208,V,32.28391417,V,7.120833333,V,3.891541667,V
7/19/2023,12.7296287,V,27.69657583,V,7.188541667,V,3.812916667,V
7/20/2023,9.843185833,V,34.9039625,V,10.22395833,V,6.444541667,V
7/21/2023,9.204460833,V,40.98114625,V,7.977083333,V,5.117916667,V
7/22/2023,6.676660417,V,37.23366375,V,4.723958333,V,2.837083333,V
7/23/2023,4.638984583,V,55.63568208,V,8.894791667,V,4.603916667,V
7/24/2023,7.115238333,V,45.84912958,V,8.870833333,V,3.292958333,V
7/25/2023,9.955539583,V,35.96556458,V,5.604166667,V,2.758458333,V
7/26/2023,8.813834167,V,44.09319,V,7.444791667,V,4.296458333,V
7/27/2023,11.59857917,V,24.69748167,V,7.055208333,V,3.436458333,V
7/28/2023,6.025954783,V,42.14530542,V,5.644791667,V,2.810583333,V
7/29/2023,2.636825833,V,55.84148833,V,7.1,V,3.261583333,V
7/30/2023,2.47459375,V,53.8936025,V,6.415625,V,2.898041667,V
7/31/2023,7.486094583,V,33.66635167,V,4.864583333,V,1.880958333,V
8/1/2023,7.592612917,V,47.6764425,V,4.41875,V,1.903375,V
8/2/2023,8.692779583,V,50.4738875,V,10.78333333,V,5.317416667,V
8/3/2023,10.50688429,V,34.72359667,V,no data,V,no data,V
8/4/2023,8.158360417,V,39.13789583,V,no data,V,no data,V
8/5/2023,6.059371667,V,51.45510583,V,no data,V,no data,V
8/6/2023,5.990927083,V,52.64143875,V,no data,V,no data,V
8/7/2023,7.350210417,V,45.72024083,V,no data,V,no data,V
8/8/2023,5.812253333,V,49.53563083,V,no data,V,no data,V
8/9/2023,8.8013225,V,49.97011125,V,no data,V,no data,V
8/10/2023,12.82924625,V,38.79419167,V,no data,V,no data,V
8/11/2023,6.553514583,V,56.74856167,V,no data,V,no data,V
8/12/2023,3.080804167,V,53.52148792,V,no data,V,no data,V
8/13/2023,2.585398333,V,53.276875,V,no data,V,no data,V
8/14/2023,9.819767083,V,37.94186083,V,no data,V,no data,V
8/15/2023,9.75420375,V,38.52047625,V,6.198958333,V,3.072875,V
8/16/2023,8.497659167,V,40.75316667,V,7.870833333,V,4.304291667,V
8/17/2023,4.681335,V,59.02906542,V,5.477083333,V,2.6985,V
8/18/2023,4.600290833,V,67.99862875,V,9.345833333,V,5.232041667,V
8/19/2023,2.785211667,V,55.07231292,V,7.630208333,V,3.933875,V
8/20/2023,3.646202917,V,50.31381625,V,5.638541667,V,2.96875,V
8/21/2023,3.441705833,V,49.01661167,V,6.283333333,V,2.838041667,V
8/22/2023,4.439670833,V,48.76299083,V,4.322916667,V,1.941875,V
8/23/2023,6.39217375,V,53.44526208,V,4.992708333,V,2.455791667,V
8/24/2023,no data,V,no data,V,5.936217391,V,3.531956522,V
8/25/2023,no data,V,no data,V,4.975,V,2.28875,V
8/26/2023,10.49403042,V,35.91445292,V,6.375,V,3.751,V
8/27/2023,8.224066667,V,30.53840083,V,4.329166667,V,2.386958333,V
8/28/2023,6.173475833,V,42.64176667,V,5.0625,V,2.582583333,V
8/29/2023,4.73109375,V,53.13225458,V,7.441666667,V,4.085208333,V
8/30/2023,12.06469208,V,41.46384292,V,7.286458333,V,3.350166667,V
8/31/2023,10.82157208,V,47.33993417,V,5.825,V,2.948166667,V
9/1/2023,11.40648708,V,56.01391667,V,6.061458333,V,3.062208333,V
9/2/2023,11.27376333,V,52.28296292,V,7.030208333,V,4.316125,V
9/3/2023,5.377857826,V,53.89648833,V,6.785416667,V,4.343541667,V
9/4/2023,18.50241708,V,48.2910375,V,11.23645833,V,5.832333333,V
9/5/2023,16.45596125,V,50.05727875,V,13.78020833,V,9.218833333,V
9/6/2023,14.20627333,V,68.26226875,V,15.84895833,V,11.29716667,V
9/7/2023,16.8973225,V,41.63202542,V,19.04479167,V,12.7605,V
9/8/2023,27.91636208,V,47.10537958,V,25.390625,V,19.19333333,V
9/9/2023,20.80730667,V,46.94041833,V,40.36354167,V,23.55554167,V
9/10/2023,13.66694375,V,33.40266333,V,18.08645833,V,12.18733333,V
9/11/2023,10.25255917,V,44.29202208,V,8,V,4.64025,V
9/12/2023,10.98003,V,38.92563609,V,7.85,V,3.155416667,V
9/13/2023,12.28020542,V,43.62186792,V,8.009375,V,3.207458333,V
9/14/2023,10.9041975,V,42.50967,V,5.209375,V,2.499,V
9/15/2023,12.676225,V,45.98931542,V,4.48125,V,2.6445,V
9/16/2023,5.47705375,V,67.52896417,V,9.584375,V,3.729375,V
9/17/2023,3.98568625,V,69.50849625,V,10.13333333,V,4.734666667,V
9/18/2023,6.474449167,V,53.45766583,V,7.788541667,V,4.910583333,V
9/19/2023,7.167560833,V,50.19130958,V,5.096875,V,2.576666667,V
9/20/2023,3.993656667,V,60.66568583,V,5.611458333,V,2.180625,V
9/21/2023,6.914559167,V,53.89068833,V,5.014583333,V,2.15225,V
9/22/2023,11.58164292,V,33.88594958,V,4.257291667,V,2.17875,V
9/23/2023,11.37657917,V,41.16227292,V,7.032291667,V,3.536625,V
9/24/2023,4.572952083,V,53.28497208,V,6.341666667,V,3.719666667,V
9/25/2023,5.294536667,V,65.68668625,V,13.41228571,V,6.843285714,V
9/26/2023,8.15237125,V,51.68111333,V,13.23854167,V,7.826333333,V
9/27/2023,10.17903292,V,45.68001458,V,11.68333333,V,6.182208333,V
9/28/2023,7.326311667,V,57.98958125,V,11.43020833,V,5.994583333,V
9/29/2023,5.699555833,V,52.72049667,V,9.094791667,V,5.166041667,V
9/30/2023,10.42648208,V,33.0882075,V,8.03125,V,5.028541667,V
10/1/2023,6.19616375,V,45.80760083,V,6.829166667,V,4.795666667,V
10/2/2023,9.076287917,V,41.33174542,V,8.865625,V,5.008833333,V
10/3/2023,7.314687917,V,51.04511167,V,6.3,V,3.216333333,V
10/4/2023,5.707488333,V,57.963805,V,8.834375,V,5.130625,V
10/5/2023,7.556202609,V,46.56539,V,3.094565217,V,1.524782609,V
10/6/2023,5.320320833,V,49.82336917,V,2.580208333,V,1.0495,V
10/7/2023,5.76463,V,54.66072083,V,8.472916667,V,4.275791667,V
10/8/2023,8.137238333,V,50.40202167,V,12.48541667,V,6.766875,V
10/9/2023,12.3959725,V,35.49045083,V,8.845833333,V,4.364041667,V
10/10/2023,7.405848333,V,53.62456042,V,14.78854167,V,6.826875,V
10/11/2023,7.185995417,V,56.31226458,V,8.545833333,V,3.868791667,V
10/12/2023,13.57045083,V,41.13134375,V,8.367708333,V,4.094916667,V
10/13/2023,11.43822458,V,39.8509625,V,10.30833333,V,6.492791667,V
10/14/2023,5.840040417,V,53.81594,V,7.661458333,V,3.709791667,V
10/15/2023,7.03576375,V,47.05962792,V,5.225,V,2.699541667,V
10/16/2023,23.51334625,V,25.10757625,V,10.65208333,V,6.595958333,V
10/17/2023,16.27258458,V,36.02142,V,13.19375,V,7.992291667,V
10/18/2023,4.571973913,V,69.99886917,V,23.61145833,V,11.505625,V
10/19/2023,8.43679875,V,44.59036958,V,18.10104167,V,10.801875,V
10/20/2023,3.609515,V,59.12884292,V,19.55833333,V,10.38820833,V
10/21/2023,9.70719875,V,30.80517333,V,7.363541667,V,3.87775,V
10/22/2023,14.36121125,V,24.12167583,V,4.672916667,V,2.930458333,V
10/23/2023,19.06770833,V,18.68247458,V,12.45208333,V,7.966833333,V
10/24/2023,13.63152833,V,45.37135583,V,11.70729167,V,5.377375,V
10/25/2023,10.40321583,V,36.31555,V,8.508333333,V,4.638458333,V
10/26/2023,10.6616475,V,46.44231333,V,13.915625,V,7.309375,V
10/27/2023,11.30418625,V,53.01819917,V,17.190625,V,8.44825,V
10/28/2023,10.18589958,V,51.96141792,V,14.87395833,V,7.888166667,V
10/29/2023,10.37620375,V,47.72076083,V,8.583333333,V,4.685458333,V
10/30/2023,11.65544625,V,45.2258881,V,9.966666667,V,3.216416667,V
10/31/2023,13.73168,V,62.48758667,V,8.366666667,V,2.930416667,V
11/1/2023,7.17796087,V,57.42211083,V,6.336458333,V,3.427625,V
11/2/2023,8.276755833,V,54.78058,V,8.976041667,V,4.807333333,V
11/3/2023,7.131303333,V,36.34460958,V,2.659375,V,1.471041667,V
11/4/2023,14.61644042,V,34.83605292,V,9.186458333,V,5.0795,V
11/5/2023,11.36837333,V,36.8317525,V,12.46979167,V,9.392708333,V
11/6/2023,12.71870208,V,36.63287667,V,7.342708333,V,5.280083333,V
11/7/2023,11.99469208,V,38.71311625,V,4.386458333,V,2.520666667,V
11/8/2023,8.467005417,V,50.37964583,V,9.40625,V,5.274208333,V
11/9/2023,16.07992522,V,41.10033333,V,7.6,V,4.76225,V
11/10/2023,16.33268875,V,29.66663625,V,6.701041667,V,4.458541667,V
11/11/2023,18.44202875,V,28.03820042,V,6.610416667,V,4.6315,V
11/12/2023,18.28580875,V,25.14651292,V,10.928125,V,7.406666667,V
11/13/2023,7.938437917,V,53.02533417,V,7.092708333,V,5.176916667,V
11/14/2023,28.09495917,V,24.80974042,V,9.690625,V,5.351958333,V
11/15/2023,20.49353208,V,36.00644917,V,5.977083333,V,3.73725,V
11/16/2023,21.26988,V,24.68985917,V,9.475,V,6.800458333,V
11/17/2023,27.61047917,V,20.89248625,V,14.45729167,V,10.83829167,V
11/18/2023,10.56850417,V,49.64719625,V,8.346875,V,5.786166667,V
11/19/2023,10.55177125,V,54.73207292,V,5.75,V,3.81875,V
11/20/2023,9.28315,V,43.73147042,V,3.43125,V,1.80925,V
11/21/2023,17.81650125,V,41.2091275,V,10.37604167,V,5.078666667,V
11/22/2023,6.607201667,V,60.1953025,V,2.946875,V,1.679291667,V
11/23/2023,3.891823478,V,68.27174043,V,7.520833333,V,3.96325,V
11/24/2023,7.917074167,V,63.3038825,V,7.9875,V,4.025208333,V
11/25/2023,16.74321917,V,43.45013167,V,6.742708333,V,4.2345,V
11/26/2023,21.2148925,V,28.62513,V,11.21354167,V,8.381583333,V
11/27/2023,17.21061833,V,44.87137542,V,9.246875,V,5.552291667,V
11/28/2023,13.9816475,V,41.28396667,V,8.278125,V,4.07025,V
11/29/2023,13.92757458,V,43.53744292,V,6.004166667,V,3.173125,V
11/30/2023,23.20472542,V,24.32606,V,6.678125,V,3.883625,V
12/1/2023,32.00641208,V,12.62072542,V,9.941666667,V,7.344708333,V
12/2/2023,28.03609458,V,14.61365292,V,13.30729167,V,11.823875,V
12/3/2023,26.28676542,V,11.52586208,V,22.23958333,V,20.34295833,V
12/4/2023,16.207435,V,41.47314125,V,11.628125,V,6.519208333,V
12/5/2023,22.98767292,V,36.41043833,V,15.09479167,V,6.904625,V
12/6/2023,34.64821125,V,16.04390417,V,11.203125,V,7.00275,V
12/7/2023,12.73200208,V,40.99084833,V,8.886458333,V,5.339083333,V
12/8/2023,14.269835,V,43.28728792,V,12.73958333,V,9.454666667,V
12/9/2023,9.34125875,V,59.21131125,V,6.63125,V,4.298333333,V
12/10/2023,16.43527292,V,50.70671917,V,10.93854167,V,7.193416667,V
12/11/2023,17.807935,V,27.88020667,V,5.152083333,V,3.598708333,V
12/12/2023,14.18733208,V,39.51624583,V,11.5375,V,5.783333333,V
12/13/2023,16.83866208,V,40.98738208,V,10.93333333,V,5.221125,V
12/14/2023,15.88025208,V,38.25854042,V,9.960416667,V,6.063333333,V
12/15/2023,11.16268708,V,56.83933875,V,6.76875,V,3.854166667,V
12/16/2023,5.57285375,V,62.78624708,V,2.195833333,V,1.427875,V
12/17/2023,4.063798333,V,74.30794958,V,3.725,V,2.306458333,V
12/18/2023,9.295469583,V,58.85721333,V,1.030208333,V,0.587625,V
12/19/2023,10.42866227,V,58.0249787,V,6.960416667,V,3.79525,V
12/20/2023,5.908128333,V,67.98199792,V,3.707291667,V,2.015583333,V
12/21/2023,3.379640833,V,70.41425625,V,6.854166667,V,3.641041667,V
12/22/2023,4.93935625,V,68.49200875,V,4.117708333,V,2.382,V
12/23/2023,5.785969167,V,69.631915,V,2.7125,V,1.607625,V
12/24/2023,3.24763625,V,71.70661042,V,4.228125,V,2.314291667,V
12/25/2023,6.254028333,V,63.21241208,V,6.904166667,V,3.768833333,V
12/26/2023,17.78318167,V,46.38270208,V,7.177083333,V,5.117958333,V
12/27/2023,5.707995417,V,65.42708458,V,8.504166667,V,4.366125,V
12/28/2023,5.272235,V,72.05585917,V,4.933333333,V,2.907791667,V
12/29/2023,6.875237083,V,62.17922208,V,3.509375,V,2.167833333,V
12/30/2023,10.51577417,V,53.60394833,V,5.894791667,V,3.572125,V
12/31/2023,10.49857583,V,60.66650917,V,6.363541667,V,4.203041667,V
